{
  "project_info": {
    "project_number": "398428826860",
    "firebase_url": "https://new-c-f9c67.firebaseio.com",
    "project_id": "new-c-f9c67",
    "storage_bucket": "new-c-f9c67.appspot.com"
  },
  "client": [
    {
      "client_info": {
        "mobilesdk_app_id": "1:398428826860:android:7bbd581b4062992323c9c9",
        "android_client_info": {
          "package_name": "com.encryptochat"
        }
      },
      "oauth_client": [
        {
          "client_id": "398428826860-3lkrtpnfkq3vksl22ihl5tl4mt1815co.apps.googleusercontent.com",
          "client_type": 1,
          "android_info": {
            "package_name": "com.encryptochat",
            "certificate_hash": "b56364076a1980ba302a8783439caa0fc87801ef"
          }
        },
        {
          "client_id": "398428826860-dp7fsnt5u44cl17hck1s5bq9kq8kici7.apps.googleusercontent.com",
          "client_type": 3
        }
      ],
      "api_key": [
        {
          "current_key": "AIzaSyAbiv6WzMu4UvpNm7oX_f2QvF9vurx0NsM"
        }
      ],
      "services": {
        "appinvite_service": {
          "other_platform_oauth_client": [
            {
              "client_id": "398428826860-dp7fsnt5u44cl17hck1s5bq9kq8kici7.apps.googleusercontent.com",
              "client_type": 3
            }
          ]
        }
      }
    }
  ],
  "configuration_version": "1"
}