{
  "project_info": {
    "project_number": "650833969006",
    "firebase_url": "https://build-android-start-85085.firebaseio.com",
    "project_id": "build-android-start-85085",
    "storage_bucket": "build-android-start-85085.appspot.com"
  },
  "client": [
    {
      "client_info": {
        "mobilesdk_app_id": "1:650833969006:android:d9f0ad5808ea45b9b0cb7f",
        "android_client_info": {
          "package_name": "com.google.firebase.codelab.friendlychat"
        }
      },
      "oauth_client": [
        {
          "client_id": "650833969006-vlqqfv7m01m8gqn00ni3uoruj7a96qvm.apps.googleusercontent.com",
          "client_type": 1,
          "android_info": {
            "package_name": "com.google.firebase.codelab.friendlychat",
            "certificate_hash": "1b30382c03b733c9a12fe8d813dfb0e327572fb5"
          }
        },
        {
          "client_id": "650833969006-65d76joaj5q78rflf5vg7aiiqptvnlls.apps.googleusercontent.com",
          "client_type": 3
        }
      ],
      "api_key": [
        {
          "current_key": "AIzaSyB9vEJLZVi6G-xst_ftoo0kzTSFkxDfDmM"
        }
      ],
      "services": {
        "appinvite_service": {
          "other_platform_oauth_client": [
            {
              "client_id": "650833969006-65d76joaj5q78rflf5vg7aiiqptvnlls.apps.googleusercontent.com",
              "client_type": 3
            }
          ]
        }
      }
    }
  ],
  "configuration_version": "1"
}